ID:1156さん,30代前半,1
ID:784さん,30代中盤,2
ID:1488さん,20代後半,5
ID:1256さん,20代中盤,4
ID:836さん,20代後半,8
ID:964さん,30代中盤,5
ID:458さん,20代後半,7
ID:1664さん,30代中盤,7
ID:220さん,30代中盤,8
ID:80さん,30代中盤,1
ID:1216さん,30代中盤,9
ID:1550さん,30代前半,2
ID:596さん,20代後半,4
ID:750さん,40代中盤,1
ID:1506さん,30代中盤,2
ID:1044さん,30代中盤,3
ID:270さん,30代中盤,1
ID:1282さん,30代中盤,2
ID:212さん,30代前半,2
ID:846さん,20代後半,1
ID:1290さん,30代中盤,6
ID:1632さん,30代前半,6
ID:40さん,30代前半,2
ID:1018さん,30代前半,3
ID:1164さん,30代前半,5
ID:1026さん,20代後半,3
ID:358さん,20代中盤,5
ID:1206さん,20代後半,4
ID:1416さん,20代後半,7
ID:120さん,30代後半,2
ID:1098さん,20代中盤,3
ID:1178さん,20代後半,2
ID:1578さん,20代後半,7
ID:1586さん,30代前半,4
ID:234さん,30代前半,4
ID:1654さん,20代後半,4
ID:1798さん,20代中盤,1
ID:410さん,20代中盤,4
ID:578さん,30代中盤,2
ID:692さん,40代中盤,1
ID:804さん,30代中盤,2
ID:1554さん,30代前半,5
ID:380さん,20代中盤,6
ID:1426さん,20代中盤,3
ID:1618さん,20代後半,2
ID:1462さん,30代前半,3
ID:1738さん,40代前半,1
ID:162さん,30代前半,2
ID:210さん,30代前半,2
ID:708さん,20代後半,4
ID:844さん,20代後半,4
ID:1562さん,30代中盤,7
ID:288さん,30代前半,5
ID:492さん,20代後半,3
ID:772さん,30代後半,1
ID:1008さん,30代中盤,8
ID:1390さん,20代後半,4
ID:1432さん,20代中盤,2
ID:732さん,20代後半,3
ID:456さん,20代中盤,3
ID:766さん,20代後半,6
ID:608さん,20代後半,5
ID:736さん,20代後半,4
ID:1308さん,30代前半,2
ID:1406さん,20代後半,4
ID:1448さん,30代前半,2
ID:1538さん,30代前半,8
ID:132さん,30代前半,5
ID:230さん,20代後半,3
ID:424さん,20代中盤,3
ID:1118さん,20代後半,7
ID:1410さん,20代前半,2
ID:1084さん,20代後半,3
ID:1332さん,30代前半,1
ID:124さん,30代中盤,1
ID:1232さん,30代中盤,2
ID:1674さん,30代前半,3
ID:1254さん,30代後半,1
ID:1452さん,20代中盤,4
ID:1722さん,30代後半,2
ID:198さん,20代後半,1
ID:1336さん,20代中盤,1
ID:158さん,30代中盤,2
ID:654さん,30代中盤,4
ID:724さん,30代中盤,1
ID:536さん,30代後半,3
ID:840さん,30代前半,2
ID:1110さん,30代前半,1
ID:1218さん,20代後半,2
ID:920さん,30代後半,1
ID:186さん,20代前半,6
ID:664さん,30代中盤,1
ID:1670さん,30代前半,2
ID:604さん,30代中盤,2
ID:96さん,20代中盤,2
ID:1076さん,20代中盤,2
ID:1230さん,30代前半,2
ID:806さん,30代前半,2
ID:1650さん,30代中盤,2
ID:188さん,30代前半,3
ID:1140さん,30代後半,1
ID:1264さん,30代中盤,2
ID:1508さん,20代後半,1
ID:1072さん,20代後半,3
ID:1430さん,30代前半,1
ID:1024さん,20代後半,2
ID:298さん,30代前半,3
ID:1240さん,30代中盤,1
ID:1616さん,30代中盤,2
ID:1442さん,30代中盤,3
ID:894さん,30代前半,1
ID:1614さん,20代中盤,1
ID:1214さん,20代後半,1
ID:206さん,30代中盤,2
ID:264さん,30代前半,1
ID:598さん,30代後半,1
ID:644さん,20代中盤,2
ID:760さん,20代後半,2
ID:1758さん,30代前半,3
ID:1162さん,20代後半,2
ID:1524さん,20代後半,2
ID:534さん,20代後半,3
ID:966さん,30代前半,1
ID:1040さん,20代後半,1
ID:504さん,30代前半,1
ID:1552さん,30代後半,1
ID:1022さん,30代前半,1
ID:1128さん,20代後半,1
ID:1556さん,20代中盤,2
ID:546さん,20代後半,1
ID:1558さん,20代後半,1
ID:1706さん,30代中盤,2
ID:1584さん,20代後半,1
ID:174さん,30代後半,1
ID:1096さん,20代後半,1
ID:948さん,30代中盤,1
ID:1628さん,30代中盤,1
ID:522さん,20代後半,1
ID:1330さん,20代後半,2
ID:1732さん,20代中盤,1
ID:702さん,20代前半,1
ID:86さん,30代前半,0
ID:382さん,20代中盤,0
ID:704さん,40代前半,0
ID:896さん,30代後半,0
ID:982さん,20代中盤,0
ID:1066さん,30代後半,0
ID:1338さん,20代後半,0
ID:1428さん,30代前半,0
ID:1624さん,30代後半,0
ID:136さん,20代後半,0
ID:448さん,40代前半,0
ID:540さん,20代後半,0
ID:628さん,40代前半,0
ID:832さん,30代中盤,0
ID:974さん,30代中盤,0
ID:1058さん,30代前半,0
ID:1258さん,30代前半,0
ID:1652さん,20代後半,0
ID:52さん,30代中盤,0
ID:330さん,30代前半,0
ID:422さん,30代中盤,0
ID:530さん,30代中盤,0
ID:580さん,40代前半,0
ID:614さん,20代後半,0
ID:742さん,30代前半,0
ID:822さん,30代中盤,0
ID:878さん,30代前半,0
ID:1360さん,20代中盤,0
ID:1116さん,20代後半,0
ID:1192さん,20代後半,0
ID:1320さん,30代後半,0
ID:1412さん,30代中盤,0
ID:1590さん,20代後半,0
ID:64さん,20代中盤,0
ID:196さん,30代中盤,0
ID:590さん,40代前半,0
ID:624さん,40代前半,0
ID:694さん,30代中盤,0
ID:754さん,30代前半,0
ID:88さん,30代前半,0
ID:402さん,30代前半,0
ID:482さん,30代前半,0
ID:552さん,20代後半,0
ID:600さん,40代中盤,0
ID:648さん,20代後半,0
ID:762さん,30代前半,0
ID:914さん,40代前半,0
ID:1002さん,30代前半,0
ID:744さん,30代前半,0
ID:826さん,20代後半,0
ID:886さん,30代後半,0
ID:1322さん,30代前半,0
ID:1460さん,20代前半,0
ID:1710さん,40代中盤,0
ID:1080さん,20代後半,0
ID:1354さん,20代後半,0
ID:1512さん,30代後半,0
ID:1560さん,40代前半,0
ID:1784さん,30代前半,0
ID:166さん,20代後半,0
ID:404さん,30代前半,0
ID:556さん,20代後半,0
ID:916さん,20代後半,0
ID:1276さん,30代前半,0
ID:1702さん,40代前半,0
ID:102さん,20代後半,0
ID:216さん,30代後半,0
ID:290さん,30代中盤,0
ID:560さん,30代後半,0
ID:606さん,30代中盤,0
ID:656さん,30代前半,0
ID:856さん,30代中盤,0
ID:934さん,30代中盤,0
ID:1302さん,40代前半,0
ID:1404さん,30代後半,0
ID:1434さん,30代中盤,0
ID:1536さん,30代前半,0
ID:1582さん,30代中盤,0
ID:1644さん,40代前半,0
ID:1402さん,30代前半,0
ID:44さん,40代前半,0
ID:218さん,30代前半,0
ID:316さん,20代後半,0
ID:414さん,30代後半,0
ID:512さん,20代中盤,0
ID:790さん,20代後半,0
ID:858さん,30代前半,0
ID:1238さん,20代後半,0
ID:1474さん,30代前半,0
ID:1686さん,30代前半,0
ID:1794さん,20代中盤,0
